{
  "project_info": {
    "project_number": "129556284241",
    "firebase_url": "https://quadralog.firebaseio.com",
    "project_id": "quadralog",
    "storage_bucket": "quadralog.appspot.com"
  },
  "client": [
    {
      "client_info": {
        "mobilesdk_app_id": "1:129556284241:android:9c8ad20e22312b61",
        "android_client_info": {
          "package_name": "com.example.android.quadracrypto"
        }
      },
      "oauth_client": [
        {
          "client_id": "129556284241-ao0uo38f8ajd2vvfss1o5ubkerjhtkog.apps.googleusercontent.com",
          "client_type": 3
        }
      ],
      "api_key": [
        {
          "current_key": "AIzaSyD5NLAv78raK84R-ZsQN_-SfMNy2yaCASg"
        }
      ],
      "services": {
        "analytics_service": {
          "status": 1
        },
        "appinvite_service": {
          "status": 1,
          "other_platform_oauth_client": []
        },
        "ads_service": {
          "status": 2
        }
      }
    }
  ],
  "configuration_version": "1"
}